{"cameraMode":{"drawMode":0,"name":"Shaded","section":"Shading Mode"},"sceneLighting":false,"audioPlay":false,"sceneViewState":{"showFog":true,"showMaterialUpdate":false,"showSkybox":true,"showFlares":true,"showImageEffects":true,"showParticleSystems":true},"in2DMode":false,"pivot":{"x":-7.107613563537598,"y":2.03800368309021,"z":-0.05407547950744629},"rotation":{"x":-0.12818223237991334,"y":-0.7778081893920898,"z":0.16847804188728333,"w":-0.5917760729789734},"size":8.59715461730957,"orthographic":false}