{"cameraMode":{"drawMode":0,"name":"Shaded","section":"Shading Mode"},"sceneLighting":true,"audioPlay":false,"sceneViewState":{"showFog":false,"showMaterialUpdate":false,"showSkybox":false,"showFlares":false,"showImageEffects":false,"showParticleSystems":false},"in2DMode":false,"pivot":{"x":-23.976293563842775,"y":-245.1313934326172,"z":537.9904174804688},"rotation":{"x":-0.20583607256412507,"y":0.007924786768853665,"z":-0.0016659331740811468,"w":-0.9785529971122742},"size":704.83154296875,"orthographic":false}