{"cameraMode":{"drawMode":0,"name":"Shaded","section":"Shading Mode"},"sceneLighting":false,"audioPlay":false,"sceneViewState":{"showFog":false,"showMaterialUpdate":false,"showSkybox":false,"showFlares":false,"showImageEffects":false,"showParticleSystems":false},"in2DMode":false,"pivot":{"x":-0.0013408660888671876,"y":0.49354445934295657,"z":-0.00010091066360473633},"rotation":{"x":-0.12400319427251816,"y":0.8645926713943481,"z":-0.2606751620769501,"w":-0.41127991676330569},"size":5.29345703125,"orthographic":false}