{"cameraMode":{"drawMode":0,"name":"Shaded","section":"Shading Mode"},"sceneLighting":true,"audioPlay":false,"sceneViewState":{"showFog":true,"showMaterialUpdate":true,"showSkybox":true,"showFlares":true,"showImageEffects":true,"showParticleSystems":true},"in2DMode":false,"pivot":{"x":97.68875885009766,"y":-323.76971435546877,"z":566.1450805664063},"rotation":{"x":-0.24302208423614503,"y":-0.07933971285820008,"z":0.019949395209550859,"w":-0.9665648341178894},"size":714.9150390625,"orthographic":false}