{"cameraMode":{"drawMode":0,"name":"Shaded","section":"Shading Mode"},"sceneLighting":true,"audioPlay":false,"sceneViewState":{"showFog":false,"showMaterialUpdate":false,"showSkybox":false,"showFlares":false,"showImageEffects":false,"showParticleSystems":false},"in2DMode":false,"pivot":{"x":-46.44684982299805,"y":-743.2633056640625,"z":1120.9576416015625},"rotation":{"x":0.282865971326828,"y":-0.01954328827559948,"z":0.0057626888155937199,"w":0.9589430689811707},"size":1407.5948486328125,"orthographic":false}