{"cameraMode":{"drawMode":0,"name":"Shaded","section":"Shading Mode"},"sceneLighting":true,"audioPlay":false,"sceneViewState":{"showFog":false,"showMaterialUpdate":false,"showSkybox":false,"showFlares":false,"showImageEffects":false,"showParticleSystems":false},"in2DMode":false,"pivot":{"x":-450.3636169433594,"y":-327.59674072265627,"z":-456.3177185058594},"rotation":{"x":-0.12400319427251816,"y":0.8645926713943481,"z":-0.2606751620769501,"w":-0.41127991676330569},"size":625.0684814453125,"orthographic":false}