{"cameraMode":{"drawMode":0,"name":"Shaded","section":"Shading Mode"},"sceneLighting":true,"audioPlay":false,"sceneViewState":{"showFog":false,"showMaterialUpdate":false,"showSkybox":false,"showFlares":false,"showImageEffects":false,"showParticleSystems":false},"in2DMode":false,"pivot":{"x":-444.653564453125,"y":-409.8212585449219,"z":-1286.0355224609375},"rotation":{"x":0.026131918653845788,"y":-0.9736974835395813,"z":0.15048900246620179,"w":0.16906654834747315},"size":1407.5948486328125,"orthographic":false}