{"cameraMode":{"drawMode":0,"name":"Shaded","section":"Shading Mode"},"sceneLighting":true,"audioPlay":false,"sceneViewState":{"showFog":false,"showMaterialUpdate":false,"showSkybox":false,"showFlares":false,"showImageEffects":false,"showParticleSystems":false},"in2DMode":false,"pivot":{"x":35.09603500366211,"y":-11.45486831665039,"z":-60.01809310913086},"rotation":{"x":0.05625535175204277,"y":0.9308907985687256,"z":-0.32230135798454287,"w":0.1624797135591507},"size":66.49578094482422,"orthographic":false}