{"cameraMode":{"drawMode":0,"name":"Shaded","section":"Shading Mode"},"sceneLighting":false,"audioPlay":false,"sceneViewState":{"showFog":false,"showMaterialUpdate":false,"showSkybox":false,"showFlares":false,"showImageEffects":false,"showParticleSystems":false},"in2DMode":false,"pivot":{"x":0.0,"y":0.93492591381073,"z":0.2936100959777832},"rotation":{"x":-0.10958654433488846,"y":0.016994962468743326,"z":-0.0018729650182649494,"w":-0.9938302040100098},"size":5.74782657623291,"orthographic":false}