{"cameraMode":{"drawMode":0,"name":"Shaded","section":"Shading Mode"},"sceneLighting":true,"audioPlay":false,"sceneViewState":{"showFog":false,"showMaterialUpdate":false,"showSkybox":false,"showFlares":false,"showImageEffects":false,"showParticleSystems":false},"in2DMode":false,"pivot":{"x":173.98800659179688,"y":-207.07867431640626,"z":600.8106689453125},"rotation":{"x":-0.14984674751758576,"y":-0.1339253932237625,"z":0.020491791889071466,"w":-0.9793825149536133},"size":714.9150390625,"orthographic":false}