{"cameraMode":{"drawMode":0,"name":"Shaded","section":"Shading Mode"},"sceneLighting":false,"audioPlay":false,"sceneViewState":{"showFog":true,"showMaterialUpdate":false,"showSkybox":true,"showFlares":true,"showImageEffects":true,"showParticleSystems":true},"in2DMode":false,"pivot":{"x":3.4653167724609377,"y":-1.525787353515625,"z":-3.001483917236328},"rotation":{"x":-0.4052889347076416,"y":-0.007681869901716709,"z":0.0034056156873703005,"w":-0.914150059223175},"size":22.83566665649414,"orthographic":false}