{"cameraMode":{"drawMode":0,"name":"Shaded","section":"Shading Mode"},"sceneLighting":true,"audioPlay":false,"sceneViewState":{"showFog":false,"showMaterialUpdate":false,"showSkybox":false,"showFlares":false,"showImageEffects":false,"showParticleSystems":false},"in2DMode":false,"pivot":{"x":-325.93304443359377,"y":-315.06817626953127,"z":573.0711059570313},"rotation":{"x":0.19316531717777253,"y":-0.2536640763282776,"z":0.051772426813840869,"w":0.9463939070701599},"size":945.9232788085938,"orthographic":false}