{"cameraMode":{"drawMode":0,"name":"Shaded","section":"Shading Mode"},"sceneLighting":true,"audioPlay":false,"sceneViewState":{"showFog":false,"showMaterialUpdate":false,"showSkybox":false,"showFlares":false,"showImageEffects":false,"showParticleSystems":false},"in2DMode":false,"pivot":{"x":35.759864807128909,"y":2.646974802017212,"z":-27.744781494140626},"rotation":{"x":-0.014293666929006577,"y":-0.7327463626861572,"z":0.015398126095533371,"w":-0.6801774501800537},"size":66.49578094482422,"orthographic":false}